{
  "id": "",
  "name": "",
  "font_family": "iconfont",
  "css_prefix_text": "icon-",
  "description": "",
  "glyphs": [
    {
      "icon_id": "12514498",
      "name": "行李",
      "font_class": "hangli",
      "unicode": "e603",
      "unicode_decimal": 58883
    },
    {
      "icon_id": "12520594",
      "name": "icon1",
      "font_class": "icon",
      "unicode": "e609",
      "unicode_decimal": 58889
    },
    {
      "icon_id": "12520683",
      "name": "通信",
      "font_class": "tongxin",
      "unicode": "e60b",
      "unicode_decimal": 58891
    },
    {
      "icon_id": "12520787",
      "name": "行李",
      "font_class": "hangli1",
      "unicode": "e60d",
      "unicode_decimal": 58893
    },
    {
      "icon_id": "12520814",
      "name": "食物",
      "font_class": "shiwu",
      "unicode": "e60f",
      "unicode_decimal": 58895
    },
    {
      "icon_id": "12521208",
      "name": "衣服",
      "font_class": "yifu",
      "unicode": "e610",
      "unicode_decimal": 58896
    },
    {
      "icon_id": "12521444",
      "name": "信",
      "font_class": "xin",
      "unicode": "e611",
      "unicode_decimal": 58897
    },
    {
      "icon_id": "12521447",
      "name": "巴士",
      "font_class": "bashi",
      "unicode": "e612",
      "unicode_decimal": 58898
    },
    {
      "icon_id": "12521453",
      "name": "啤酒",
      "font_class": "pijiu",
      "unicode": "e613",
      "unicode_decimal": 58899
    },
    {
      "icon_id": "12521472",
      "name": "滑冰",
      "font_class": "huabing",
      "unicode": "e614",
      "unicode_decimal": 58900
    }
  ]
}
